Model,Total Input Tokens,Total Output Tokens,Benchmark Tokens,Total Judge Input Tokens,Total Judge Output Tokens,Total Judge Tokens,Cost Input Tokens,Cost Output Tokens,Benchmark Cost,Cost Jury Input Tokens,Cost Jury Output Tokens,Total Jury Cost,Total Cost
claude_3_5_sonnet_20241022,242928250,3402154,246330404,19850691,26017792,45868483,728.77,51.05,779.8199999999999,123.27000000000001,668.94,792.21,1572.03
claude_3_7_sonnet_20250219,239486312,3396266,242882578,16402865,25923584,42326449,718.45,50.96,769.4100000000001,101.86,666.52,768.38,1537.79
deepseek_r1,236424366,106060000,342484366,41011120,27353088,68364208,319.17,572.72,891.8900000000001,254.68,703.28,957.96,1849.8500000000001
gemini_1.5_pro_001,274243307,3396352,277639659,16940768,25923584,42864352,342.8,17.01,359.81,105.21,666.52,771.73,1131.54
gemini_2.0_flash_001,273746976,3396266,277143242,16940768,25923584,42864352,41.08,2.02,43.1,105.21,666.52,771.73,814.83
gpt_4o_2024_05_13,245693440,3396352,249089792,16005932,25923584,41929516,614.26,33.94,648.2,99.39,666.52,765.91,1414.1100000000001
gpt_4o_mini_2024_07_18,245693440,3396352,249089792,16005932,25923584,41929516,36.870000000000005,2.02,38.89000000000001,99.39,666.52,765.91,804.8
llama_3.3_70b_instruct,239863007,3396352,243259359,16198349,25923584,42121933,170.29,2.41,172.7,100.61,666.52,767.13,939.8299999999999
o3_mini_2025_01_31,240269125,106060000,346329125,41264890,27353088,68617978,288.32,513.3299999999999,801.6499999999999,256.26,703.28,959.54,1761.1899999999998
